created_at,language,likes,retweets,text
6/17/2020 3:27,en,123212,18568,96% Approval Rating in the Republican Party. Thank you!
6/17/2020 2:45,und,0,7942,RT @TONYxTWO: @thejtlewis @JoeBiden https://t.co/SxzJCZ0BSi
6/17/2020 2:38,en,0,23815,"RT @thejtlewis: â€œTrump isnâ€™t going to accept the 2020 election results,â€ shout the people who still havenâ€™t accepted the 2016 election resuâ€¦"
6/17/2020 2:37,en,0,6781,"RT @thejtlewis: With the utmost respect, I thank President @realDonaldTrump for his leadership on the Federal School Safety Report, and forâ€¦"
6/17/2020 2:31,en,56840,14231,A GREAT woman. Her son is looking down from heaven &amp; is very proud of his wonderful &amp; loving mom!!! https://t.co/ZzKUbjlOOT
6/17/2020 2:22,en,0,4600,RT @JaRonSmith45: â€œWhat speaks louder than anything are the words of the executive order. It accounted for ways that we can reform our systâ€¦
6/17/2020 1:20,und,0,10223,RT @DanScavino: https://t.co/wmHpSgCWoL
6/17/2020 1:20,en,0,4103,"RT @SecondLady: Congratulations to Kathy Lueders, a trailblazing engineer and dedicated public servant who has been selected as the first wâ€¦"
6/17/2020 1:18,en,0,23660,RT @realDonaldTrump: Our testing is so much bigger and more advanced than any other country (we have done a great job on this!) that it shoâ€¦
6/17/2020 1:18,en,0,24112,RT @Jim_Jordan: Why the double standard?
6/17/2020 1:18,en,0,53343,"RT @realDonaldTrump: The Far Left Fake News Media, which had no Covid problem with the Rioters &amp; Looters destroying Democrat run cities, isâ€¦"
6/17/2020 1:18,en,0,49665,"RT @realDonaldTrump: Almost One Million people request tickets for the Saturday Night Rally in Tulsa, Oklahoma!"
6/17/2020 1:17,en,0,54697,"RT @realDonaldTrump: Iâ€™ve done more in less than 4 years than Bidenâ€™s done in more than 40 years, including for Black America. Biden has beâ€¦"
6/17/2020 1:17,en,0,46836,RT @realDonaldTrump: Many Democrats want to Defund and Abolish Police Departments. HOW CRAZY!
6/17/2020 1:16,en,104808,18843,True! https://t.co/E8Fy0zuKQB
6/17/2020 1:15,en,0,67932,RT @realDonaldTrump: Interesting how ANTIFA and other Far Left militant groups can take over a city without barely a wimpier from soft Do Nâ€¦
6/17/2020 1:15,en,0,49532,RT @realDonaldTrump: Does anyone notice how little the Radical Left takeover of Seattle is being discussed in the Fake News Media. That isâ€¦
6/17/2020 1:15,en,0,27387,RT @IvankaTrump: Happy Birthday â¦@realDonaldTrumpâ©! Love you! ðŸ’› https://t.co/hMEVRMC3W5
6/17/2020 1:15,en,0,18962,RT @EricTrump: Jupiter Florida Trump 2020 Boat Parade!!!  Happy Birthday @realDonaldTrump https://t.co/LZam4a6i15
6/16/2020 23:45,en,29615,8350,.@LyndaBennettNC has my Complete &amp; Total Endorsement. She is a great fighter &amp; ally in North Carolina. Lynda is Strâ€¦ https://t.co/OhZ7JrSORq
6/16/2020 23:25,en,36257,10147,Congressman @LeeZeldin is a fighter for New York! He serves our Country in the Army Reserve &amp; works hard for our Veâ€¦ https://t.co/S7Slk5tnR2
6/16/2020 23:18,en,28674,8182,Chris Jacobs (@JacobsNY27) will be a tremendous Congressman who will always fight for New York. He is Strong on theâ€¦ https://t.co/qAKdAhKGuo
6/16/2020 19:20,und,109281,27113,https://t.co/Xdf1LYKu2i
6/16/2020 19:15,en,0,9487,"RT @WhiteHouse: ""To go forward, we must seek cooperationâ€”not confrontation. We must build upon our heritageâ€”not tear it down."" https://t.coâ€¦"
6/16/2020 19:14,en,0,8955,"RT @WhiteHouse: ""In order to make real progress on public safety, we have to break old patterns of failure.

Many of the same politicians nâ€¦"
6/16/2020 19:14,en,0,8226,RT @WhiteHouse: President @realDonaldTrump stands against radical efforts to defund police departments. https://t.co/JHjzrFuqN3
6/16/2020 19:14,en,0,10013,"RT @WhiteHouse: President @realDonaldTrump announces ""historic action to deliver a future of safety and security for Americans of every racâ€¦"
6/16/2020 16:17,en,0,8508,RT @WhiteHouse: LIVE: Remarks on Safe Policing for Safe Communities https://t.co/86grjrXmZm
6/16/2020 12:39,en,213243,42443,"Wow! May retail sales show biggest one-month increase of ALL TIME, up 17.7%. Far bigger than projected. Looks likeâ€¦ https://t.co/HPVYP6Z0ft"
6/16/2020 3:48,en,0,48666,RT @realDonaldTrump: LAW &amp; ORDER!
6/16/2020 3:48,en,176281,31749,So true! https://t.co/E8Fy0zuKQB
6/16/2020 3:47,en,0,24539,"RT @realDonaldTrump: â€œWe have greater confidence in our call for a V-shaped recovery, given recent upside surprises in growth data and poliâ€¦"
6/16/2020 3:47,en,0,19580,RT @realDonaldTrump: â€œTrump team should get 'a lot of credit' for fast coronavirus stimulus: CBOâ€ https://t.co/TGVxgIfTAa
6/15/2020 21:09,en,88649,19580,â€œTrump team should get 'a lot of credit' for fast coronavirus stimulus: CBOâ€ https://t.co/TGVxgIfTAa
6/15/2020 21:08,en,121286,24539,"â€œWe have greater confidence in our call for a V-shaped recovery, given recent upside surprises in growth data and pâ€¦ https://t.co/8KtVRlPxaN"
6/15/2020 14:19,en,289685,48666,LAW &amp; ORDER!
6/15/2020 14:19,en,0,86655,RT @realDonaldTrump: THE SILENT MAJORITY IS STRONGER THAN EVER!!!
6/15/2020 14:14,en,121888,23660,Our testing is so much bigger and more advanced than any other country (we have done a great job on this!) that itâ€¦ https://t.co/cNppD2vPKY
6/15/2020 14:02,en,203592,53343,"The Far Left Fake News Media, which had no Covid problem with the Rioters &amp; Looters destroying Democrat run cities,â€¦ https://t.co/7sjb79EXpZ"
6/15/2020 13:28,en,266568,49665,"Almost One Million people request tickets for the Saturday Night Rally in Tulsa, Oklahoma!"
6/15/2020 12:43,en,244514,54697,"Iâ€™ve done more in less than 4 years than Bidenâ€™s done in more than 40 years, including for Black America. Biden hasâ€¦ https://t.co/feRDq8cNu2"
6/15/2020 2:54,en,254515,46836,Many Democrats want to Defund and Abolish Police Departments. HOW CRAZY!
6/15/2020 1:36,en,0,101113,RT @DonaldJTrumpJr: RT if you want to see General Flynn sue the FBI and itâ€™s corrupt actors for all theyâ€™re worth and at the same time brinâ€¦
6/14/2020 21:54,en,469101,86655,THE SILENT MAJORITY IS STRONGER THAN EVER!!!
6/14/2020 20:47,en,263311,67932,Interesting how ANTIFA and other Far Left militant groups can take over a city without barely a wimpier from soft Dâ€¦ https://t.co/UGMttrVuSh
6/14/2020 20:34,en,198365,49532,Does anyone notice how little the Radical Left takeover of Seattle is being discussed in the Fake News Media. Thatâ€¦ https://t.co/FZWCrLQ1y4
6/14/2020 14:23,und,108839,26338,https://t.co/gjBMFDbUps
6/14/2020 14:22,en,0,12586,RT @DeptofDefense: First to fight! Happy birthday to the @USArmy. Fighting â€˜til the battle is won. Thank you for rolling along for 245 yearâ€¦
6/14/2020 14:22,en,0,17611,"RT @USArmy: Today, we recognize 245 years of bravery, commitment, skill and answering the call to serve. 

We are America's Army.

#ArmyBdaâ€¦"
6/14/2020 13:18,en,0,25909,"RT @ErrolWebber: America is better for having you as @POTUS, @realDonaldTrump!

#HappyBirthdayTrump https://t.co/Rv1eD10sqA"
6/14/2020 13:15,en,0,20513,"RT @mikandynothem: Happy Birthday Mr. President!
America is blessed beyond measure to have you in the White House. You're promoting all thaâ€¦"
6/14/2020 13:15,en,99677,16823,Thank you Philip! https://t.co/jGspqbtSgL
6/14/2020 13:12,en,64288,16478,"Michael Moore: Iâ€˜m â€˜Beggingâ€˜ Dems -- Donâ€˜t Underestimate White Male Trump Supporterâ€˜s â€˜Rage,â€˜ â€˜Emotionâ€˜â€¦ https://t.co/Nea09C1mUp"
6/14/2020 3:39,en,0,9472,"RT @markknoller: ""You became brothers &amp; sisters pledging allegiance to the same timeless principles, joined together in a common mission: tâ€¦"
6/14/2020 3:39,en,0,6185,"RT @markknoller: Pres begins Commencement Address to graduating cadets, â€œWe are here to celebrate your achievements, and great achievementsâ€¦"
6/14/2020 3:38,en,0,7824,RT @markknoller: Pres escorted on stage and salutes as Star Spangled Banner is played. https://t.co/b44djk1rlD
6/14/2020 3:37,en,0,8393,"RT @markknoller: Pres Trump and Gen Williams giving more than 500 salutes to members of the Class of 2020, most of the 1,107 grads receivinâ€¦"
6/14/2020 3:27,en,0,12018,"RT @GoArmyWestPoint: Flyover + Hat Toss = Celebration.

#GoArmy | #USMA2020 | #WithVisionWeLead https://t.co/SJMDIxoBon"
6/14/2020 3:26,en,123096,23557,A great day at West Point! https://t.co/oJyXsI8RG6
6/14/2020 2:57,en,283329,44489,"The ramp that I descended after my West Point Commencement speech was very long &amp; steep, had no handrail and, mostâ€¦ https://t.co/lhdZUXSWee"
6/13/2020 22:52,en,0,8813,"RT @SenatorTimScott: Despite the challenges ahead of us, we are still the greatest. I'm very optimistic we will find a path forward. #JUSTIâ€¦"
6/13/2020 22:47,en,0,14199,RT @AmberSmithUSA: Fantastic and motivating speech by @realDonaldTrump to the West Point Class of 2020. Congratulations to the Armyâ€™s newesâ€¦
6/13/2020 22:46,en,0,7056,RT @AlexBerenson: Is it just me or is that the best speech Trump has ever given?
6/13/2020 22:45,en,0,10869,"RT @debrajsaunders: â€œWe will only fight to win.â€
-Trump at West Point"
6/13/2020 21:19,en,0,44841,"RT @mattgaetz: Iâ€™d rather the US not have a soccer team than have a soccer team that wonâ€™t stand for the National Anthem. 

You shouldnâ€™t gâ€¦"
6/13/2020 21:19,en,0,11660,"RT @dcexaminer: ""You shouldnâ€™t get to play under our flag as our national team if you wonâ€™t stand when it is raised.""

@MattGaetz suggestsâ€¦"
6/13/2020 21:17,en,113461,30119,"And it looks like the NFL is heading in that direction also, but not with me watching! https://t.co/aGfBaK7RNA"
6/13/2020 21:13,en,120520,24650,I wonâ€™t be watching much anymore! https://t.co/s8nCg9EJSW
6/13/2020 21:12,en,41562,10332,Tonight at 9:00 P.M. (Eastern). https://t.co/8LYU9GLoTj
6/13/2020 21:09,en,0,11964,"RT @WhiteHouse: ""For the first time in history, half of the senior leaders of the National Security Council are women."" ðŸ‡ºðŸ‡¸  https://t.co/1gâ€¦"
6/13/2020 21:09,en,0,26788,RT @JackPosobiec: BREAKING: Group of Antifa holds down a street preacher as he screams â€˜Youâ€™re choking meâ€™ in Seattle Autonomous Zone httpsâ€¦
6/13/2020 21:09,en,0,32588,"RT @realDonaldTrump: On behalf of our entire nation, CONGRATULATIONS to the incredible West Point Class of 2020! https://t.co/mXBXmRDBbP"
6/13/2020 21:08,und,0,10933,RT @thejtlewis: @realDonaldTrump https://t.co/W7L9kCZK3T
6/13/2020 20:33,en,152238,32588,"On behalf of our entire nation, CONGRATULATIONS to the incredible West Point Class of 2020! https://t.co/mXBXmRDBbP"
6/13/2020 12:24,en,469154,72501,MAKE AMERICA GREAT AGAIN!
6/13/2020 12:23,en,267661,43932,LAW &amp; ORDER!
6/13/2020 11:57,und,59138,11128,10:00 A.M. https://t.co/TGUVzlT0My
6/13/2020 11:54,en,0,8711,"RT @NickAdamsinUSA: America can NEVER become a socialist nation.

I am incredibly excited for the next big @DineshDSouza movie to be releasâ€¦"
6/13/2020 11:53,en,81763,19967,So true! https://t.co/CSjsY2v3ex
6/13/2020 11:53,en,37202,7311,Happy Birthday Matt. GREAT JOB! https://t.co/5fLrS7F3DE
6/13/2020 11:51,en,67574,19795,"Thank you Frank. Fredoâ€™s ratings are really bad, more than 50% down. A loser!!! https://t.co/DGaSYhqJVj"
6/13/2020 11:49,en,0,7152,"RT @SecretsBedard: Majority agree @realDonaldTrump will beat Biden, 51%-43%, @TheZogbyPoll 
Trump base strong, owns union workers, and alsoâ€¦"
6/13/2020 11:48,en,0,11724,"RT @parscale: Joe Biden put @AOC in charge of his radical $93 TRILLION Green New Deal task force.

AOC and Biden's extremist agenda will ENâ€¦"
6/13/2020 11:48,en,61158,19520,They want to totally destroy our great Police Departments. No way!!! https://t.co/pN1azBRVT5
6/13/2020 11:46,en,0,8056,"RT @BorisEP: My Op-Ed â¦@Newsweek:

Democrats' Hypocrisy on Riots Reveals Political Nature of Coronavirus Lockdowns | Opinion https://t.co/7â€¦"
6/13/2020 11:46,en,0,10846,"RT @TrumpWarRoom: WATCH: Joe Biden senior advisor says she â€œdoes not enjoyâ€ being asked about Bidenâ€™s support for the 1994 crime bill. 

Biâ€¦"
6/13/2020 11:46,en,0,7138,"RT @ErinMPerrine: #BarelyThereBiden has some shady folks on his VP list

Warren â€” lied about her heritage
Rice â€” lied about Russian collusiâ€¦"
6/13/2020 11:45,en,0,27885,RT @TeamTrump: There are three types of people... https://t.co/Zzl9jebV7c
6/13/2020 11:45,en,0,10754,RT @WhiteHouse: The greatest economy in history is coming back! ðŸ‡ºðŸ‡¸ https://t.co/Y5m3WdMaWj
6/13/2020 11:44,en,0,14983,"RT @DineshDSouza: The socialist Left, along with their allies in Antifa and in the mainstream media, seeks to beat us into submission.

Butâ€¦"
6/13/2020 11:43,en,0,9334,RT @NickAdamsinUSA: Joe Biden is not okay. https://t.co/vE3zE248ja
6/13/2020 11:41,en,31918,7364,Thank you Nick. Hear the book is doing well (go get it everyone. Make this great writer number one!). https://t.co/SM7xBuuwPe
6/13/2020 11:36,en,109687,17358,Soon heading to West Point Graduation to give the Commencement Address. Will be shown live on @FoxNews plus. Enjoy!
6/13/2020 11:29,en,38183,10138,Concast is known for its terrible service. On top of that they provide FAKE NEWS on MSDNC &amp; @NBCNews. Drop them andâ€¦ https://t.co/DAqJ0Dj4Kr
6/13/2020 11:23,en,0,6522,RT @cottensj: Texas is 100% Trump Country!
6/13/2020 11:22,en,44468,11806,We are getting the Commercial Fishing Industry in Maine back on track (will be better than ever) after suffering yeâ€¦ https://t.co/6nLFPzSV3o
6/13/2020 11:15,en,52475,13621,Criminal Justice Reform. I got it done!!! https://t.co/HsaYwWuvUE
6/13/2020 11:14,en,0,6595,"RT @WhiteHouse: ""Opportunity Zones is more than just a program. 

It's more than just a concept. 

It is a mission."" â€”@ScottTurner45 https:â€¦"
6/13/2020 11:13,en,0,6780,RT @JHorstman45: From @JaRonSmith45: â€œWhat the President is doing is listening to law enforcement &amp; stakeholders on both sides &amp; figuring oâ€¦
6/13/2020 11:12,en,0,4930,RT @MalloryBlount45: â€œPeople are looking for hopeâ€” something to unify this country. Thatâ€™s exactly what this President is doing.â€ @JaRonSmiâ€¦
6/13/2020 11:12,en,57275,15589,Thank you Jack! https://t.co/i3h7Yd8nLG
6/13/2020 3:23,en,103669,17510,"...We have already had ticket requests in excess of 200,000 people. I look forward to seeing everyone in Oklahoma!"
6/13/2020 3:23,en,98641,16784,"...of respect for this Holiday, and in observance of this important occasion and all that it represents. I have theâ€¦ https://t.co/UXXmEtwCjl"
6/13/2020 3:23,en,129947,25198,"We had previously scheduled our #MAGA Rally in Tulsa, Oklahoma, for June 19th â€“ a big deal. Unfortunately, however,â€¦ https://t.co/guyHQndvHi"
6/13/2020 3:20,en,53672,9597,"...rebuilding Americaâ€™s infrastructure with projects like the Portal North Bridge, which I have given authorization to proceed!"
6/13/2020 3:20,en,76679,14299,"Just finished dinner in Bedminster, New Jersey, with Governor Phil Murphy (@GovMurphy) and his wonderful wife, Tammâ€¦ https://t.co/MDgpR9udpb"
6/12/2020 16:39,en,35993,8610,...We need Corky in Washington â€“ he has my Complete and Total Endorsement! #NHSEN https://t.co/PJGJ2j9Un2
6/12/2020 16:39,en,68728,16873,"Corky Messner (@CorkyForSenate) will be a fantastic Senator for New Hampshire! A West Point graduate, he served ourâ€¦ https://t.co/bJGyBoVFxf"
6/12/2020 14:15,en,209988,50658,"Seattle Mayor says, about the anarchists takeover of her city, â€œit is a Summer of Loveâ€. These Liberal Dems donâ€™t hâ€¦ https://t.co/YZPtUSouZA"
6/12/2020 13:12,en,57604,12151,"Interview with @HARRISFAULKNER at 1:00 P.M. on @FoxNews, Outnumbered Overtime"
6/12/2020 13:09,en,160093,30042,â€œDo you think Suburban Women want to Defund the Police? I donâ€™t think so.â€ @marcthiessen
6/12/2020 13:07,en,60036,14601,A big winner. Congratulations! https://t.co/ZsL3YA33H8
6/12/2020 13:06,en,53069,16244,Hello! https://t.co/2sUGvP5daB
6/12/2020 13:04,en,104274,20955,"The Republican Party has not yet voted on a Platform. No rush. I prefer a new and updated Platform, short form, if possible."
6/12/2020 12:37,en,76133,19218,"How do you think China, Russia, Japan or others would do with him in a negotiation? We would have no Country left!!! https://t.co/3YlD1ufODX"
6/12/2020 12:34,en,0,28372,"RT @FrancisBrennan: ""You know the rapidly rising umm uh in with uh with I don't know."" - Joe Biden. https://t.co/WQMkgISM1D"
6/12/2020 12:31,en,0,27426,RT @RichardGrenell: They should now be barred from federal government contracts - there should be consequences for not selling technology tâ€¦
6/12/2020 12:29,en,0,15283,RT @parscale: CLUELESS. 100% out of touch with reality.
6/12/2020 12:28,en,0,6300,RT @ScottGottliebMD: This is a critical milestone. Two therapeutic antibodies are now in the clinic with more on the way. These drugs can bâ€¦
6/12/2020 12:23,en,0,6649,RT @ByronYork: It happened 'following a peaceful demonstration...'
6/12/2020 12:22,en,0,4585,RT @ByronYork: Another Columbus statue bites the dust. https://t.co/rtqTuiXhg7 https://t.co/HHVxwuS8ow
6/12/2020 12:22,en,0,6960,RT @ByronYork: A third Christopher Columbus goes down.
6/12/2020 12:16,en,0,8372,"RT @TomBevanRCP: Media bias is not just in the stories that get covered, but the ones that don't. Total blackout on the insanity in Seattleâ€¦"
6/12/2020 12:13,en,0,13943,"RT @BuckSexton: Prepare for the onslaught of ""Trump's rallies are literally the most dangerous thing on planet earth right now"" pieces fromâ€¦"
6/12/2020 12:11,en,0,22849,"RT @bdomenech: Sculpted by an Italian immigrant who helped build Grand Central Station and his son, given as a gift during the Great Depresâ€¦"
6/12/2020 12:05,en,0,11334,"RT @euneaux: @ElijahSchaffer @MayorJenny There is only ONE person in Seattle who has the backbone to be Mayor.

Mr. This Is Library https:/â€¦"
6/12/2020 12:03,en,0,18897,RT @HeyTammyBruce: So the anarchists are building a... border wall. Okey-dokey.
6/12/2020 12:00,en,0,9441,"RT @DeAngelisCorey: Trump just called to ""enact school choice now""

""School choice is a big deal... because access to education is the civiâ€¦"
6/12/2020 12:00,en,0,9360,RT @theblaze: The debates with @realDonaldTrump are going to be a bloodbath https://t.co/Qc46tSrIMR
6/12/2020 11:59,en,0,9417,"RT @KerryPicket: So when #2A activists legally open carry in VA or Mich, it's a natl story that every governor across the country knows aboâ€¦"
6/12/2020 11:58,en,0,6035,"RT @dbongino: Jim Jordan Slams â€œCrazyâ€ Attempt to Continue Flynn Case ðŸ”¥ðŸ”¥ðŸ”¥
https://t.co/DwvHkoKadq"
6/12/2020 11:58,en,0,16373,"RT @dbongino: Project Veritas Video: Antifa Chapter Head Admits Soros Funding, Association With Tom Steyer ðŸ‘‡
https://t.co/bkSo8R7ehW"
6/12/2020 11:57,en,0,10490,"RT @Breaking911: JUST IN: President Trump tells reporters he will restart MAGA rallies in Oklahoma, Arizona, Florida &amp; North Carolina"
6/12/2020 11:57,en,0,19536,"RT @dbongino: Do you agree? ðŸ‘‡
https://t.co/7JuA38cIYp"
6/12/2020 11:53,en,47512,10612,Crazy! https://t.co/NIQIBhexKX
6/12/2020 11:52,en,81122,20530,People have no idea how Fake the Lamestream Media is! https://t.co/qc8c8C7Pin
6/12/2020 11:47,en,0,7259,"RT @dbongino: Minneapolis City Council Wants to Disband Police â€“ Letâ€™s See How That Goes ðŸ‘‡
https://t.co/kCkZiKTuWM"
6/12/2020 11:45,en,0,46807,"RT @RexChapman: Every year in France, there's a ceremony that rarely makes headlines.

Ordinary people &amp; families collect sand from Omaha Bâ€¦"
6/12/2020 5:54,en,0,9315,"RT @joelpollak: Obama Admin Turned Down Renaming of Army Bases: â€˜Reconciliation, Not Divisionâ€˜ 

https://t.co/68fVWWC7uN via @BreitbartNews"
6/12/2020 2:47,en,0,76183,RT @realDonaldTrump: The Radical Left Democrats: First they try to take away your guns. Then they try to take away your police!
6/12/2020 2:47,en,0,18256,RT @WhiteHouse: President @realDonaldTrump has been fighting for the forgotten men &amp; women of America since day one. https://t.co/VZp0E433TM
6/12/2020 1:24,en,323394,76183,The Radical Left Democrats: First they try to take away your guns. Then they try to take away your police!
6/11/2020 22:44,en,0,15899,"RT @WhiteHouse: â€œWe the people will recognize, despite all the forces to the contrary, we are not each other's enemies."" ðŸ‡ºðŸ‡¸ https://t.co/4uâ€¦"
6/11/2020 22:44,en,46974,11373,"Great work @RepChipRoy, together we are keeping AMERICAN WORKERS employed! https://t.co/zYGM7ToHNm"
6/11/2020 22:15,en,0,22490,"RT @WhiteHouse: ""We have to work together to confront bigotry and prejudice wherever they appear. But we'll make no progress and heal no woâ€¦"
6/11/2020 22:15,en,0,10588,"RT @WhiteHouse: ""We're working to finalize an Executive Order that will encourage police departments nationwide to meet the most current prâ€¦"
6/11/2020 22:15,en,0,10216,"RT @WhiteHouse: President @realDonaldTrump announces four steps to build safety, opportunity, and dignity for ALL Americansâ€”and build on viâ€¦"
6/11/2020 22:15,en,0,8379,"RT @WhiteHouse: There has been vigorous conversation on how to ensure fairness, equality, and justice for allâ€”but sadly, some are only tryiâ€¦"
6/11/2020 22:15,en,0,9856,"RT @WhiteHouse: Since day one, President @realDonaldTrump has been fighting for the forgotten men and women of America. https://t.co/Nl4q1oâ€¦"
6/11/2020 20:04,en,29056,7096,...We need Karen in Washington badly! She loves Georgia and the USA. Has my Complete and Total Endorsement! Novembeâ€¦ https://t.co/WpBbTthiyo
6/11/2020 20:04,en,46632,10664,"Congratulations to @KarenHandel on running a great race and terrific primary victory - 75%, despite tough competitiâ€¦ https://t.co/2MDU6Bknxe"
6/11/2020 19:53,en,34145,8422,"Senator @JoniErnst of IOWA has a new book, â€œDaughter of the Heartland: My Ode to the Country That Raised Me.â€ The fâ€¦ https://t.co/bMoG2mPJOm"
6/11/2020 19:44,en,27643,6943,"...Unlike her Radical Liberal opponent, Theresa Greenfield, and Theresaâ€™s failed record in real estate, Joni standsâ€¦ https://t.co/hU2aHg4G12"
6/11/2020 19:44,en,49616,11972,"Few people have ever fought as strongly for Iowa as Senator @JoniErnst! A combat Veteran, her service to Iowa and oâ€¦ https://t.co/HMsMwR6zPi"
6/11/2020 19:42,en,28694,6745,"...Second Amendment. Matt has my Complete and Total Endorsement! We need him in Washington now! #NH01 
https://t.co/K4xoUlQiAI"
6/11/2020 19:42,en,47713,10978,Matt @Mowers is a champion for the Great State of New Hampshire! He was a winner in my Administration and he will aâ€¦ https://t.co/YC8KeAfccy
6/11/2020 19:33,en,26379,6936,"...of Schumer and Pelosi. David is Strong on Crime, our Military, Vets, Low Taxes and will protect your #2A at allâ€¦ https://t.co/6S9FmZ9mcf"
6/11/2020 19:33,en,49766,13076,We need our Great David Perdue (@PerdueSenate) in the Senate to Drain the Swamp &amp; Make America Great Again! His Radâ€¦ https://t.co/E88LzFsf8o
6/11/2020 19:30,en,29033,7645,"Chris @JacobsNY27 is a Great Winner and Fighter for New York. He will never let you down! Strong on Crime, Militaryâ€¦ https://t.co/CzWCsTUUxz"
6/11/2020 19:29,en,30934,7377,"...Strong on Crime, our Military, Vets and Low Taxes. Nancy has my Complete and Total Endorsement! November 3rd, aâ€¦ https://t.co/rDBo9HTHqI"
6/11/2020 19:29,en,57665,13613,"Despite very tough competition, @NancyMace had a tremendous victory on Tuesday in South Carolinaâ€™s 1st Congressionaâ€¦ https://t.co/aYkvej1Xa5"
6/11/2020 18:21,en,144205,32490,"Seriously failed presidential candidate, Senator Elizabeth â€œPocahontasâ€ Warren, just introduced an Amendment on theâ€¦ https://t.co/1IjyhhIRyM"
6/11/2020 18:08,en,116616,30950,Radical Left Governor @JayInslee and the Mayor of Seattle are being taunted and played at a level that our great Coâ€¦ https://t.co/TLdBz8YPQv
6/11/2020 17:24,en,182756,43511,Anarchists just took over Seattle and the Liberal Democrat Governor just said he knows â€œnothing about thatâ€.
6/11/2020 17:23,en,139241,33652,"June 14th just happens to be my birthday, thank you! Love our Boaters, Love our Country! #MAGA  
https://t.co/Om9pbHIaTU"
6/11/2020 15:07,en,133513,30762,"The Federal Reserve is wrong so often. I see the numbers also, and do MUCH better than they do. We will have a veryâ€¦ https://t.co/UomzvqgKPj"
6/11/2020 14:09,en,433364,91565,THOSE THAT DENY THEIR HISTORY ARE DOOMED TO REPEAT IT!
6/11/2020 14:02,en,106043,25539,Sleepy Joe Biden refuses to leave his basement â€œsanctuaryâ€ and tell his Radical Left BOSSES that they are heading iâ€¦ https://t.co/AsjqgnQ2WQ
6/11/2020 12:49,en,171356,34027,Our great National Guard Troops who took care of the area around the White House could hardly believe how easy it wâ€¦ https://t.co/2e2GZfAAmo
6/11/2020 3:38,en,246207,56128,"Domestic Terrorists have taken over Seattle, run by Radical Left Democrats, of course. LAW &amp; ORDER!"
6/11/2020 3:30,en,0,11732,"RT @MarshaBlackburn: Decades of failed engagement, Western investment and unfair trade tactics built China into an industrial behemoth, givâ€¦"
6/11/2020 3:27,en,108907,28673,â€œVery troubled by Durham probe findings.â€ A.G. Bill Barr  @BretBaier  @FoxNews
6/11/2020 2:36,en,81077,17896,...And the Trump family didnâ€™t ask the Federal government for money to carry this and many other very expensive toâ€¦ https://t.co/IXOkAJDZtT
6/11/2020 2:21,en,312347,51028,LAW &amp; ORDER!
6/11/2020 1:27,en,0,11660,"RT @dcexaminer: Since April, the @USCG and the @USNavy have stopped more than 94,000 pounds of cocaine and 9,200 pounds of marijuana from bâ€¦"
6/11/2020 1:22,und,0,14197,RT @Jim_Jordan: https://t.co/sSJoCxpqNF
6/11/2020 1:21,en,0,15111,"RT @IvankaTrump: Historic First: Under Trump, Half Of National Security Council Leaders Are Women #WGDP  https://t.co/KJpFD7DCAT"
6/10/2020 22:17,en,142336,48454,"So honored by Archbishop ViganÃ²â€™s incredible letter to me. I hope everyone, religious or not, reads it! https://t.co/fVhkCz89g5"
6/10/2020 21:37,en,61194,15646,"Congratulations to Dr. Rich McCormick (@RichforGA) on a BIG WIN in Georgia last night! We need you in Washington, Dâ€¦ https://t.co/6RqM2FFsoU"
6/10/2020 21:23,en,56541,13897,"Congratulations on last nights BIG WIN, @NancyMace! Keep up the great work so we can #MAGA! We need you in Washingtâ€¦ https://t.co/Trjea5iE6r"
6/10/2020 21:22,en,64569,13552,I am sending $219.9M to the San Diego area in CARES Act funding for @sdmts. These funds from @USDOT will be CRITICAâ€¦ https://t.co/Bz6pbVbv1W
6/10/2020 21:21,en,63745,14364,Big $$$$ headed to the Pittsburgh area! Iâ€™m sending $141.7M in CARES Act funding to @PGHtransit from @USDOT to aidâ€¦ https://t.co/FtQPG2p413
6/10/2020 18:40,en,136524,27488,...Our history as the Greatest Nation in the World will not be tampered with. Respect our Military!
6/10/2020 18:40,en,121032,22765,"...history of Winning, Victory, and Freedom. The United States of America trained and deployed our HEROES on theseâ€¦ https://t.co/gSrzwsvyJQ"
6/10/2020 18:40,en,149284,31132,"It has been suggested that we should rename as many as 10 of our Legendary Military Bases, such as Fort Bragg in Noâ€¦ https://t.co/UqVvNi83NU"
6/10/2020 17:41,en,0,14515,RT @SteveGuest: Last nightâ€™s primaries were an emphatic reminder of the enthusiasm for @realDonaldTrump's agenda that is sweeping the natioâ€¦
6/10/2020 14:56,en,184128,48563,Incredible!  @FoxNews just took Congressional Hearing off the air just prior to important witness statements. Moreâ€¦ https://t.co/vEIVLNkALF
6/10/2020 14:33,en,94055,24364,Great statement to Congress by @Jim_Jordan concerning Defunding (not!) our great Police. This Radical Left agenda iâ€¦ https://t.co/74NBQZuKlL
6/10/2020 13:32,en,107888,32667,"â€œFor the first time in history, Police Organizations &amp; National Security Organizations were used to SPY on a Campaiâ€¦ https://t.co/e7NfiiPZfj"
6/10/2020 12:51,en,151543,31508,New York State is killing small businesses. Let them properly open! @foxandfriends
6/10/2020 12:49,en,182631,34047,"NASDAQ HITS ALL-TIME HIGH. Tremendous progress being made, way ahead of schedule. USA!"
6/10/2020 12:32,en,0,15661,"RT @DanCrenshawTX: This is dangerous, counterproductive, and deeply irrational. â€œDefund the policeâ€ is not a call from the fringes of the fâ€¦"
6/10/2020 2:14,und,59969,19861,https://t.co/lEwOBtMVUf
6/10/2020 2:10,und,86255,29095,https://t.co/FKGagCwNZ2
6/10/2020 2:02,en,77329,20646,â€œRepublican AGs come out in force against defunding policeâ€ https://t.co/AAJiCHsqTp
6/10/2020 0:45,en,169970,35498,"Thank you George, great honor! https://t.co/1WzkcvLpnR"
6/9/2020 18:34,en,116851,24719,"Great work in the Republican Senate on some big nominees. Still 154 to go, hope they donâ€™t adjourn until the job is done! @senatemajldr"
6/9/2020 17:44,en,77688,16646,Relief is on the way to Utah! Iâ€™m proud to send $187.18M in CARES Act funding to @RideUTA. This money will keep peoâ€¦ https://t.co/c3QRx2BybO
6/9/2020 17:43,en,145485,35365,I am allocating $2.96 BILLION in Emergency Solutions Grants to support homeless Americans and those at risk of becoâ€¦ https://t.co/pADo8DYxWR
6/9/2020 17:42,en,157374,37368,My decision to appoint @usairforce General Charles Brown as the USAâ€™s first-ever African American military serviceâ€¦ https://t.co/XuyZT29O55
6/9/2020 14:25,en,0,81488,RT @realDonaldTrump: MAKE AMERICA GREAT AGAIN!
6/9/2020 14:23,en,160552,35593,â€œDefunding Police would be good for Robbers &amp; Rapists.â€ @SenBillCassidy
6/9/2020 14:19,en,103021,28101,"BIG DEMAND! Starting up again soon, maybe next week! https://t.co/ToNLAGl5Fz"
6/9/2020 14:14,en,0,10174,"RT @MZHemingway: Honestly, I think that our major media deciding this week to finally admit publicly what we've all been suffering throughâ€¦"
6/9/2020 14:13,und,0,9325,RT @FoxNews: https://t.co/IKlMQt5efg
6/9/2020 14:13,en,0,7987,RT @MZHemingway: This is close to 180 degrees opposite from what it should be. Why run op-eds that do nothing but boringly comfort you? NYâ€¦
6/9/2020 14:11,en,0,6496,RT @hughhewitt: Up next: @SenTomCotton.  Following successful demolition of the credibility of the @NYTimes and its exposure as the laughinâ€¦
6/9/2020 14:07,en,0,4720,"RT @marcthiessen: They intentionally edited out ""in terms of equality"""
6/9/2020 14:06,en,0,5952,"RT @MichaelRStrain: Typically, around two million workers transition from unemployed to employed every month. In May, 7.7 million did â€” byâ€¦"
6/9/2020 14:04,en,116127,34557,"Should have let police do their job and brought in National Guard on Day One, not Day Four! https://t.co/AZ661hygIb"
6/9/2020 14:01,en,0,9379,RT @MarkHiggie1: This does not inspire much confidence in those who are supposed to protect us and to prevent anarchy. https://t.co/OKucsNVâ€¦
6/9/2020 13:56,en,0,4999,RT @marcthiessen: I think they had a similar directive at Pravda back in the day.
6/9/2020 13:55,en,0,20681,"RT @benshapiro: ""911.""
""Yes, someone is robbing my house.""
""The police no longer exist.""
""But someone is robbing my house!""
""Check your priâ€¦"
6/9/2020 13:51,en,50067,18718,"Minnesota needs DJT &amp; @LacyJohnsonMN NOW. When I insisted on the National Guard, things got better FAST. Enough witâ€¦ https://t.co/tHjh1YS5qS"
6/9/2020 13:43,en,511372,81488,MAKE AMERICA GREAT AGAIN!
6/9/2020 13:41,en,256881,50594,THE REAWAKENING OF AMERICA!
6/9/2020 13:39,en,116873,23724,.@WhiteHouse TRANSITION TO GREATNESS!
6/9/2020 13:27,en,0,24989,RT @mschlapp: I will never buy another NFL ticket until they go back to playing football and stop dividing America.
6/9/2020 13:26,en,0,18227,"RT @WhiteHouse: ""You eliminate police officers, you will have chaos, crime, and anarchy in the streets."" https://t.co/KKVfXHct1o"
6/9/2020 13:26,en,0,6854,"RT @SebGorka: Lap Dog Mattis is an embarrassment to America! 

#AMERICAFirst https://t.co/Y3Exfp7B4Q"
6/9/2020 13:24,en,56792,15287,"Mattis was our Countryâ€™s most overrated General. He talked a lot, but never â€œbrought home the bacon.â€ He was terribâ€¦ https://t.co/hKxd07BCVz"
6/9/2020 12:42,en,143235,25128,"Poll: Trump Better Than Biden On Economic Growth, 55% to 34%. Thatâ€™s all? Who are the 34%?"
6/9/2020 12:34,en,193438,47339,Buffalo protester shoved by Police could be an ANTIFA provocateur. 75 year old Martin Gugino was pushed away afterâ€¦ https://t.co/aFgYc1MCfD
6/9/2020 12:31,en,0,11447,"RT @EdRollins: Joe Biden now claims he opposes defunding the police.

Hereâ€™s a list of issues heâ€™s flip-flopped on:

Abortion

Immigrationâ€¦"
6/9/2020 12:30,en,188352,33159,NASDAQ HITS ALL-TIME HIGH!
6/9/2020 12:25,en,50617,13283,"Vote today for Big Jim, a great Governor. Love West Virginia! https://t.co/tIbwDQQfkU"
6/9/2020 12:22,en,39888,10310,A GREAT Senator. Must return to Washington. Steve has my Complete &amp; Total Endorsement! https://t.co/W59NpmvtiM
6/9/2020 12:17,en,0,6784,"RT @SenateGOP: ðŸš¨ BREAKING ðŸš¨

The U.S. economy added 2.5 million jobs in May.

That's the BIGGEST JOBS INCREASE EVER! ðŸ¥³ ðŸ‡ºðŸ‡¸ https://t.co/DNvUâ€¦"
6/9/2020 12:17,en,0,7032,RT @WhiteHouse: LIVE: President @realDonaldTrump holds a news conference https://t.co/qfXa9nMlTD
6/9/2020 12:17,en,0,3732,"RT @JohnBoozman: Todayâ€™s #jobsreport, indicating our economy added 2.5 million jobs in May, is a positive sign for our economic recovery.â€¦"
6/9/2020 12:15,en,0,4969,RT @JimInhofe: This is great news! The economy is coming back with 2.5 million new jobs in May. The Republican economic plan is working andâ€¦
6/9/2020 12:14,en,0,4346,RT @sendavidperdue: Americans are ready to get back to work and the economy is ready to rebound! #JobsReport https://t.co/v9aTs0D71r
6/9/2020 12:11,en,0,6572,RT @GOP: â€œWe can't give up the finest law enforcement anywhere in the world. There's nothing like it.â€ -@realDonaldTrump https://t.co/cNDdQâ€¦
6/9/2020 12:11,en,0,8378,"RT @GOP: Democrats have taken up a radical push to defund community police forces, which would put the safety and security of all Americansâ€¦"
6/9/2020 12:10,en,0,3225,RT @GOP: TUNE IN NOW! https://t.co/4bGKZ0PmQD
6/9/2020 12:10,en,0,4974,RT @GOP: â€œWe all support the notion that we can do better but this notion of defunding the policeâ€¦ frankly is just a bunch of political rheâ€¦
6/9/2020 12:09,en,0,3560,"RT @GOP: The Transition to Greatness has BEGUN as the stock market continues to SURGE!
https://t.co/ci53LzN6BM"
6/9/2020 12:09,en,0,4502,"RT @GOP: â€œWe believe now itâ€™s time for us to have ears to hear, to listen carefullyâ€¦ I think itâ€™s important that we listen first and then Iâ€¦"
6/9/2020 12:09,en,0,7079,"RT @senatemajldr: Abolishing police would only take us farther away from the safety, justice, and equal protection of the laws that every sâ€¦"
6/9/2020 12:08,en,0,6545,"RT @GOP: Democratsâ€™ calls to defund the police are dangerous!
 
Doing so would weaken the rule of law &amp; cause chaos in the US.
 
Presidentâ€¦"
6/9/2020 12:01,en,97316,25594,â€œDemocrats &amp; Activists call to Defund Police Departments. Theyâ€™ve gone so far Left that they eat their young.â€â€¦ https://t.co/uzmqPIxVCu
6/8/2020 23:39,und,125514,28411,https://t.co/hkZ6O9anzj
6/8/2020 23:15,und,83164,19671,https://t.co/EapArqyn2h
6/8/2020 23:14,und,63872,17250,https://t.co/hhEuC5mhu9
6/8/2020 19:15,und,64479,17794,https://t.co/wZc0PgCmnJ
6/8/2020 19:14,en,97681,31357,"...Crooked Hillary Clinton in 2016. They are called SUPPRESSION POLLS, and are put out to dampen enthusiasm. Despitâ€¦ https://t.co/v5JnPAEx80"
6/8/2020 19:14,en,146934,35854,"I have retained highly respected pollster, McLaughlin &amp; Associates, to analyze todays CNN Poll (and others), whichâ€¦ https://t.co/GnTzXISDpc"
6/8/2020 15:44,en,312690,63576,"This year has seen the lowest crime numbers in our Countryâ€™s recorded history, and now the Radical Left Democrats wâ€¦ https://t.co/N3R2Bjv4v6"
6/8/2020 15:31,en,180970,36326,"Big day for Stock Market. Smart money, and the World, know that we are heading in the right direction. Jobs comingâ€¦ https://t.co/QPqcZFfM37"
6/8/2020 13:02,en,320031,44653,96% Approval Rating in the Republican Party. Thank you!
6/8/2020 12:57,en,127592,27864,"The Lamestream Media refuses to talk about our Countryâ€™s record setting Jobs Numbers, which are indicating GREATNESS, and soon!"
6/8/2020 12:48,en,150614,31996,"CNN Polls are as Fake as their Reporting. Same numbers, and worse, against Crooked Hillary. The Dems would destroy America!"
6/8/2020 12:33,en,301526,65501,"LAW &amp; ORDER, NOT DEFUND AND ABOLISH THE POLICE. The Radical Left Democrats have gone Crazy!"
6/8/2020 12:30,en,81720,18500,"Tremendous sincerity, what a guy. Hard to believe, with this kind of political talent, his numbers would â€œtankâ€ soâ€¦ https://t.co/VVPihJ3k6x"
6/8/2020 4:01,en,45925,9549,"Actually, a great book by a great and highly respected historian, Doug Wead! https://t.co/5Ly0WkGjVv"
6/8/2020 3:54,en,144457,32382,Could it be even remotely possible that in Roger Goodellâ€™s rather interesting statement of peace and reconciliationâ€¦ https://t.co/lkPVsF3SLr
6/8/2020 3:42,en,137103,30781,"Colin Powell was a pathetic interview today on Fake News CNN. In his time, he was weak &amp; gave away everything to evâ€¦ https://t.co/VbfRt4vwKu"
6/7/2020 22:41,en,232966,45234,"If I wasnâ€™t constantly harassed for three years by fake and illegal investigations, Russia, Russia, Russia, and theâ€¦ https://t.co/VnEoUQ2LMm"
6/7/2020 22:35,en,67448,20205,".@SeanParnellUSA is a SUPERSTAR running against a Lamb, to be exact, a weak puppet of crazy Nancy Pelosi! https://t.co/w0UYTAR43v"
6/7/2020 22:08,en,475873,76751,"I built the greatest economy in the World, the best the U.S. has ever had. I am doing it again!"
6/7/2020 21:04,en,0,49378,RT @realDonaldTrump: Wow! 96% Approval Rating in the Republican Party (and I believe this was before the â€œGREATâ€ Jobs Numbers yesterday). Tâ€¦
6/7/2020 21:04,en,0,68322,RT @realDonaldTrump: LAW &amp; ORDER!
6/7/2020 20:50,en,116576,30911,"Opinion Editor at @nytimes just walked out. Thatâ€™s right, he quit over the excellent Op-Ed penned by our great Senaâ€¦ https://t.co/PcMyldVFII"
6/7/2020 20:40,en,111721,28594,"â€œIf Biden had any passion or respect for law enforcement, he kept it well hidden in his Philadelphia address. He crâ€¦ https://t.co/wLU7nNS9iI"
6/7/2020 20:30,en,0,59565,RT @realDonaldTrump: Sleepy Joe Biden and the Radical Left Democrats want to â€œDEFUND THE POLICEâ€. I want great and well paid LAW ENFORCEMENâ€¦
6/7/2020 20:30,en,0,48697,"RT @realDonaldTrump: Not only will Sleepy Joe Biden DEFUND THE POLICE, but he will DEFUND OUR MILITARY! He has no choice, the Dems are contâ€¦"
6/7/2020 20:19,en,0,41056,RT @realDonaldTrump: Somebody please tell highly overrated Colin Powell that I will have gotten almost 300 Federal Judges approved (a recorâ€¦
6/7/2020 20:19,en,0,58816,"RT @realDonaldTrump: Colin Powell, a real stiff who was very responsible for getting us into the disastrous Middle East Wars, just announceâ€¦"
6/7/2020 19:15,en,41059,10752,...I know Ronny well. He will NEVER let you down. Solid as a rock. Ronny has my Complete and Total Endorsement!â€¦ https://t.co/Q3qQZNBRbE
6/7/2020 19:15,en,71656,16942,".@RonnyJackson4TX is a spectacular man. An Admiral in the Navy, he is a brave and loyal Warrior who loves our Militâ€¦ https://t.co/VVYA65Ue8Q"
6/7/2020 19:13,en,43510,12100,Congressman Jeff Van Drew (@VanDrewForNJ) is a Courageous Leader who defended me against Pelosiâ€™s Impeachment Scamâ€¦ https://t.co/ZZoYASSHI6
6/7/2020 19:12,en,45143,11291,Congressman Mark Amodei (@AmodeiForNevada) is working hard for the incredible people of Nevada! He is Strong on Immâ€¦ https://t.co/TNr7D6XcmH
6/7/2020 19:12,en,33276,8784,"Governor Doug Burgum (@DougForDakota) is doing a phenomenal job leading North Dakota! He is a true Conservative, anâ€¦ https://t.co/W494iVzUYb"
6/7/2020 19:11,en,34033,8808,Congresswoman Carol Miller (@CarolMillerWV) is a tremendous advocate for the people of West Virginia! She fights foâ€¦ https://t.co/Aotouc3fwV
6/7/2020 19:11,en,32093,8457,Congressman Alex Mooney (@MooneyforWV) is a champion for West Virginia! He is strong on Life and the Second Amendmeâ€¦ https://t.co/PVEfODS1ZC
6/7/2020 19:10,en,88889,20888,"Unlike Senator Manchin, Big Jim Justice was very loyal to your favorite President during Pelosiâ€™s Impeachment Scam.â€¦ https://t.co/EcbK406bih"
6/7/2020 18:58,en,36973,10059,We need @KarenHandel back in Congress to fight for the incredible people of Georgia! She is a tremendous advocate fâ€¦ https://t.co/7ojzYL8jKO
6/7/2020 18:56,en,32970,8858,Congressman Austin Scott (@AustinScott4GA) is doing a phenomenal job for the GREAT State of Georgia. He works hardâ€¦ https://t.co/zpY7J09voH
6/7/2020 18:56,en,30829,8284,Congressman Buddy Carter (@Buddy_Carter) keeps fighting for the incredible people of Georgia. Buddy has my Completeâ€¦ https://t.co/SZADfSrMWi
6/7/2020 18:53,en,37130,9960,Congressman Joe Wilson is a champion for the people of South Carolina! He served our Country as a Colonel in the Arâ€¦ https://t.co/76a0yCxqk5
6/7/2020 18:49,en,48205,11410,Senator @LindseyGrahamSC is a good friend and strong voice for the people of South Carolina. Heâ€™s helped us confirmâ€¦ https://t.co/FqJyMYcyOz
6/7/2020 18:37,und,42920,12799,https://t.co/7YsXCmfHBy
6/7/2020 15:27,en,0,11859,"RT @thejtlewis: Now that the economy is doing well again, Obama will be taking credit for it."
6/7/2020 15:27,en,0,17210,"RT @thejtlewis: President Trump is going to save America... 

twice... 

in his first term!"
6/7/2020 15:26,en,0,43347,RT @thejtlewis: Leaders Lead. Cowards kneel. https://t.co/PddAbdG8Vj
6/7/2020 15:23,en,0,11971,RT @thejtlewis: @realDonaldTrump Retired bureaucrats hate President Trump because heâ€™s draining the swamp and ending the corruption that paâ€¦
6/7/2020 15:20,en,81416,19508,"At the request of @SenJohnKennedy &amp; @SenBillCassidy of the Great State of Louisiana, I will be approving &amp; signingâ€¦ https://t.co/bguzkkNMI1"
6/7/2020 15:10,en,169868,41056,Somebody please tell highly overrated Colin Powell that I will have gotten almost 300 Federal Judges approved (a reâ€¦ https://t.co/njGdKfR7cs
6/7/2020 14:31,en,72490,17884,"Fantastic job on @foxandfriends by new Republican Superstar @SeanParnellUSA, running for Congress (with my completeâ€¦ https://t.co/4pGthyGqFR"
6/7/2020 14:19,en,227991,58816,"Colin Powell, a real stiff who was very responsible for getting us into the disastrous Middle East Wars, just annouâ€¦ https://t.co/AVzThZIPDg"
6/7/2020 14:01,en,209187,48697,"Not only will Sleepy Joe Biden DEFUND THE POLICE, but he will DEFUND OUR MILITARY! He has no choice, the Dems are câ€¦ https://t.co/AbDUm14HEM"
6/7/2020 13:53,en,159957,32655,"I have just given an order for our National Guard to start the process of withdrawing from Washington, D.C., now thâ€¦ https://t.co/3jUIJGGWZ9"
6/7/2020 13:09,en,285906,59565,Sleepy Joe Biden and the Radical Left Democrats want to â€œDEFUND THE POLICEâ€. I want great and well paid LAW ENFORCEMENT. I want LAW &amp; ORDER!
6/7/2020 2:12,en,200853,42578,.@CNN &amp; MSDNC are doing everything possible to â€œinflameâ€ the crowd. Fortunately they have a very small audience!
6/7/2020 2:09,en,283396,46785,"Much smaller crowd in D.C. than anticipated. National Guard, Secret Service, and D.C. Police have been doing a fantastic job. Thank you!"
6/6/2020 22:48,en,412065,68322,LAW &amp; ORDER!
6/6/2020 22:31,en,287914,49378,Wow! 96% Approval Rating in the Republican Party (and I believe this was before the â€œGREATâ€ Jobs Numbers yesterday). Thank you!
6/6/2020 19:56,und,70721,23898,https://t.co/hJSsx86Azp
6/6/2020 17:29,en,0,37595,"RT @realDonaldTrump: .@MayorBowser is grossly incompetent, and in no way qualified to be running an important city like Washington, D.C. Ifâ€¦"
6/6/2020 17:28,en,0,52844,"RT @realDonaldTrump: I am a big fan of Drew Brees. I think heâ€™s truly one of the greatest quarterbacks, but he should not have taken back hâ€¦"
6/6/2020 17:28,en,0,43880,"RT @realDonaldTrump: ...We should be standing up straight and tall, ideally with a salute, or a hand on heart. There are other things you câ€¦"
6/6/2020 16:19,en,0,7775,"RT @marcorubio: â€œIn short, give some credit to the government relief efforts, especially the Paycheck Protection Program, for bringing backâ€¦"
6/6/2020 16:18,und,0,5777,RT @marcorubio: #PPPworks https://t.co/qcspersL54
6/6/2020 15:37,en,0,21693,"RT @WhiteHouse: On June 6, 1944, our Greatest Generation bravely stormed the beaches of Normandy.

""Those who fought here won a future forâ€¦"
6/6/2020 15:25,en,0,11804,"RT @GOPChairwoman: May saw the BIGGEST JOBS INCREASE EVER.
 
This jobs report serves as an emphatic reminder about the strength of @realDonâ€¦"
6/6/2020 14:36,und,132298,30249,https://t.co/FAypsSSqCs
6/6/2020 11:53,en,119798,29443,Riot gear or military control is not necessary because ANTIFA &amp; other Wacko groups of Anarchists arenâ€™t present toâ€¦ https://t.co/N5vXqoNhOj
6/6/2020 3:19,en,113723,23114,Great new book by @PastorDScott called â€œNothing to Loseâ€. The Pastor is a winner and a great guy. Much can be learnâ€¦ https://t.co/HpvOlv2PrH
6/6/2020 3:15,en,0,7378,"RT @PastorDScott: Pastor Darrell Scott on growing concerns for social media's role in countrywide violence

https://t.co/HdA6KlZDQA"
6/6/2020 3:14,en,0,17539,RT @KayaJones: Hereâ€™s my grandparents &amp; great grandparents. They are rolling in their graves at the hatred that still exists. Iâ€™m biracialâ€¦
6/6/2020 2:57,en,118753,29320,â€œThis is a flat out lie. They (the media) are making things upâ€ @CharlesHurt  @IngrahamAngle The Lamestream Media iâ€¦ https://t.co/Yn5ZAKaEjR
6/6/2020 2:00,en,120098,36138,Crazy! https://t.co/8uSgJ6Yyx4
6/6/2020 1:56,en,0,32528,RT @realDonaldTrump: So great to have Michael home. Just arrived. Very exciting. Thank you to Iran. Donâ€™t wait until after U.S. Election toâ€¦
6/6/2020 1:53,en,0,25444,"RT @charliekirk11: Fact:

Robert Muellerâ€™s office deleted 19,000 text messages between Lisa Page and her lover Peter Strzok

How is that noâ€¦"
6/6/2020 1:45,en,0,17843,"RT @GOPLeader: America is opening up, and people are returning to work. Speaker Pelosi's reaction to today's great economic news?

She doubâ€¦"
6/6/2020 1:44,en,0,12836,"RT @SaraCarterDC: .@BurgessOwens: #Democrats Are 'Frantic' That The Black Vote Is Leaving Their Party 

""They try to do everything they canâ€¦"
6/6/2020 1:43,en,0,29699,RT @RichardGrenell: Wow! Jobs Not Mobs!
6/6/2020 1:42,en,0,5495,"RT @GreggJarrett: NYC Construction Workers Use Excavator to Save Gucci Handbags, Other Valuable Items From Looters https://t.co/LTOnXoY7WY"
6/6/2020 1:42,en,0,7176,RT @GreggJarrett: British Prime Minister â€˜No Choiceâ€™ But to Offer Citizenship to Almost 3 Million Hong Kong Citizens https://t.co/CbPNsXxPOA
6/6/2020 1:42,en,0,14396,RT @GreggJarrett: Russia Hoax: Nearly Three Dozen Subpoenas Approved for Obama Administration Officials https://t.co/yOCofsiqhU
6/6/2020 1:41,en,0,8521,RT @LouDobbs: Pandering to the Protesters: @jasoninthehouse challenges LA mayor Eric Garcetti to get rid of his own security detail if he wâ€¦
6/6/2020 1:41,en,0,32293,RT @SenMikeLee: Just heard that Mayor Bowser is kicking the Utah National Guard out of all DC hotels tomorrow. More than 1200 troops from 1â€¦
6/6/2020 1:40,en,0,14293,"RT @SenMikeLee: These brave men and women have risked their lives protecting DC for three days. Rioting, looting, arson, and vandalism haveâ€¦"
6/6/2020 1:40,en,0,2728,"RT @TGowdySC: Would love for you to have a signed copy of my new book, Doesn't Hurt to Ask. Pre-order and get yours today and win your nextâ€¦"
6/6/2020 1:39,en,0,8866,RT @DevinNunes: CA Socialist/Dem party cutting basic services like police/fire/teachers so they can continue funding boondoggles like thisâ€¦
6/6/2020 1:38,en,0,11999,RT @DevinNunes: Just left the White House meeting with President Trump. If youâ€™re ready to join the fight you can sign up here ðŸ‘‡ https://t.â€¦
6/6/2020 1:38,en,0,5579,RT @TomFitton: Mr. Rosenstein testified to Senate this week. He should also testify to a grand jury about the coup abuses of @realDonaldTruâ€¦
6/6/2020 1:37,en,0,6074,RT @TomFitton: Conservative activist turns tables on Dems over claims of voter suppression https://t.co/WWL0HCTusA #FoxNews
6/6/2020 1:36,en,0,9537,"RT @RedNationRising: .@TedCruz completely exposes how Barack Obama and Joe Biden unleashed, weaponized, and politicized the DOJ, FBI, and tâ€¦"
6/6/2020 1:36,en,69904,23251,Biden wants to Defund the Police! https://t.co/S7zVvXB4EM
6/6/2020 1:33,en,0,6554,RT @BlazeTV: WATCH: @TedCruz Goes NUCLEAR on Rod Rosenstein over the Russia probe. https://t.co/u6IBL60NeF
6/6/2020 1:32,en,0,7871,RT @bennyjohnson: Sen. @TedCruz: â€œEither you were complicit in the wrongdoing... or that the performance of your duties was grossly negligeâ€¦
6/6/2020 1:32,en,0,7938,"RT @thehill: Sen. Ted Cruz: ""Pause for a second and imagine how you would feel if Donald J. TrumpÂ was doing exactly what Barack Obama and Jâ€¦"
6/6/2020 1:31,en,0,6976,RT @tedcruz: NYT Book List is at it again. â¦@SenMcSallyAZâ© book sold 10k+ but didnâ€™t make the list. Got beat out by a book that sold 2k copâ€¦
6/6/2020 1:29,en,54169,14634,We will always defend. Great job Jay! https://t.co/dn9GCseimv
6/6/2020 1:28,en,0,4625,"RT @JaySekulow: Radio: BREAKING: Unemployment Drops, U.S. Economy Adds 2.5 Million Jobs https://t.co/AUQASSr2Fb"
6/6/2020 1:27,en,0,3708,"RT @marklevinshow: Martha McSallyâ€™s new book, Dare to Fly: Simple Lessons in Never Giving Up, is out now!
https://t.co/wO2caoujb3"
6/6/2020 1:27,en,0,6533,"RT @marklevinshow: Martha McSally for U.S. Senate 

https://t.co/emq0MrfCnR"
6/6/2020 1:27,en,0,5638,"RT @marklevinshow: Enemy of the people

https://t.co/5Nhps4ltCO"
6/6/2020 1:27,en,0,5876,RT @benfergusonshow: FILE THIS UNDER SH!T you canâ€™t make up YET ITS NOT FAKE NEWS!!!!!!
6/6/2020 1:26,en,70510,16874,You must be kidding??? This is a total disgrace! https://t.co/3QdaYCaiZS
6/6/2020 1:23,en,0,6626,"RT @WayneDupreeShow: It's time to Make America Normal Again, and this is the best KICK OFF ever!!! 

This will make your day, folks! Happyâ€¦"
6/6/2020 1:23,en,0,8095,RT @glennbeck: I don't care WHAT George Floyd did. The officer should have never treated him like that and killed him! But we still must asâ€¦
6/6/2020 1:21,en,0,2868,"RT @glennbeck: Tonight's special with CANDACE OWENS starts at 9:30pm ET, FREE on BlazeTV's YouTube channel: https://t.co/lhIbcsoLN5"
6/6/2020 1:03,en,0,9629,RT @DavidJHarrisJr: Still havenâ€™t heard you take responsibility for the crime bill that led to the mass incarceration of my people @JoeBideâ€¦
6/6/2020 1:01,en,0,5769,"RT @DavidJHarrisJr: Lunatics are running the insane asylum...
https://t.co/I1Z8gmuay1"
6/6/2020 1:01,en,167989,33554,THANK YOU MAINE! #MAGA https://t.co/5De7t64zRj
6/6/2020 1:01,en,86264,34755,Twitter Pulls Trump Campaign Video of President Showing Empathy For Peaceful Protesters https://t.co/5DEIoPHsud  Thâ€¦ https://t.co/jPU9PdirBG
6/6/2020 0:58,en,0,7194,"RT @DavidJHarrisJr: Portland pays violent Antifa leader for getting hit with a rubber bullet.
https://t.co/DTnMSZox69"
6/6/2020 0:56,en,35300,12066,Democrat John Hickenlooper Held in Contempt After Failing to Comply with Subpoena over Ethics Complaintâ€¦ https://t.co/ttaoBiiPuQ
6/6/2020 0:52,en,0,29788,RT @RyanAFournier: Barack Obama put a target on the back of every cop in this country.
6/6/2020 0:52,en,0,8706,"RT @DavidJHarrisJr: Federal law enforcement is investigating the leaders of Antifa and BLM among others.

Throw the book at them!
https://tâ€¦"
6/6/2020 0:51,en,41778,11414,What a fantastic group! https://t.co/9Y9RX8BjNy
6/6/2020 0:50,en,0,14438,"RT @DavidJHarrisJr: To all the celebrities posting memes connecting the cop that killed George Floyd to President @realDonaldTrump...

Stopâ€¦"
6/6/2020 0:50,en,74640,18588,Great! https://t.co/uORB98BVvk
6/6/2020 0:47,en,0,5984,"RT @WayneDupreeShow: No one will accuse ANTIFA of being ""brainiacs"" will they? ðŸ¤£ðŸ˜†

https://t.co/hyppjXhEOB"
6/6/2020 0:46,en,0,8562,"RT @PaigeCaporicci: @_ReaalAmerican_ @PressSec @realDonaldTrump Obama made no change with the deaths of Trayvon Martin, Michael Brown &amp; Eriâ€¦"
6/5/2020 23:10,en,151237,37595,".@MayorBowser is grossly incompetent, and in no way qualified to be running an important city like Washington, D.C.â€¦ https://t.co/v6CWzIUfay"
6/5/2020 20:09,en,0,7828,RT @WhiteHouse: LIVE: POTUS delivers remarks at Puritan Medical Products https://t.co/mGmbvEJNpc
6/5/2020 20:08,en,215114,43880,"...We should be standing up straight and tall, ideally with a salute, or a hand on heart. There are other things yoâ€¦ https://t.co/iuOcK6dgZJ"
6/5/2020 20:08,en,283776,52844,"I am a big fan of Drew Brees. I think heâ€™s truly one of the greatest quarterbacks, but he should not have taken bacâ€¦ https://t.co/Ya3ElIg9H2"
6/5/2020 19:23,en,0,10990,"RT @SenateGOP: Weeeeâ€™re baaaack!!! ðŸ‡ºðŸ‡¸
 
jobs â†’ jobs â†’ JOBS! https://t.co/o2pLkjczdd"
6/5/2020 18:17,en,0,7930,RT @WhiteHouse: LIVE: POTUS participates in a roundtable https://t.co/BBzgcZ76aD
6/5/2020 18:04,en,88706,19556,"...over the last number of nights. If she doesnâ€™t treat these men and women well, then weâ€™ll bring in a different group of men and women!"
6/5/2020 18:04,en,123248,30513,"The incompetent Mayor of Washington, D.C., @MayorBowser, whoâ€™s budget is totally out of control and is constantly câ€¦ https://t.co/ekn7VlW4uD"
6/5/2020 17:28,en,59467,14744,I just signed the Paycheck Protection Program Flexibility Act to further improve our VERY POPULAR AND SUCCESSFUL prâ€¦ https://t.co/HoUavzMyCJ
6/5/2020 16:32,und,115198,27845,https://t.co/MpWGPExQ3E
6/5/2020 16:31,en,81158,20914,Greatest Top Five Monthly Jobs Gains in HISTORY. We are #1! https://t.co/Cs8NEFbHG0
6/5/2020 16:29,en,81756,15340,â€œReally great numbers by any standard - UNBELIEVABLE!â€ @JoeSquawk Joe go it right also!
6/5/2020 15:45,en,0,12201,"RT @TeamTrump: ""Equal justice under the law must mean that every American receives equal treatment in every encounter with law enforcementâ€¦"
6/5/2020 15:44,en,0,16122,"RT @Rasmussen_Poll: Reader Tip: Coming Later

Our Daily Presidential Tracking poll today shows Black Likely Voter approval of the job @realâ€¦"
6/5/2020 15:43,en,0,51418,RT @marklevinshow: A vote for Trump is a vote for jobs. A vote for Biden is a vote for mobs.
6/5/2020 15:43,en,0,8207,RT @WhiteHouse: The job surge we're seeing is widespread across American industries! https://t.co/zLyqEykO3Y
6/5/2020 15:43,en,0,12808,"RT @WhiteHouse: ""Equal justice under the law must mean that every American receives equal treatment in every encounter with law enforcementâ€¦"
6/5/2020 15:43,en,0,9518,"RT @WhiteHouse: With 2.5 MILLION jobs added in May, we're on the way to an incredible period of growth! ðŸ”¥ https://t.co/gRrmte6xS3"
6/5/2020 13:01,en,87613,15108,It is a stunner by any stretch of the imagination! @CNBC
6/5/2020 12:59,en,72906,15769,"Itâ€™s a stupendous number. Itâ€™s joyous, letâ€™s call it like it is. The Market was right. Itâ€™s stunning! @jimcramer  @CNBC"
6/5/2020 12:54,en,140641,26226,"Oh no, the Dems are worried again. The only one that can kill this comeback is Sleepy Joe Biden!"
6/5/2020 12:51,en,101929,21499,"Congratulations to wonderful Charles Payne on having been so optimistic, and therefore correct. Market up BIG!!!"
6/5/2020 12:48,en,111823,19168,I will be doing a News Conference at 10:00 A.M. on the Jobs Numbers! White House.
6/5/2020 12:43,en,76818,15058,This is an AMAZING JOBS REPORT! Edward Lawrence @FoxNews
6/5/2020 12:41,en,79349,16622,I am so stunned. Iâ€™ve never seen numbers like this and Iâ€™ve been doing this for 30 years! Steve M. @MariaBartiromo
6/5/2020 12:34,en,87451,16263,THESE NUMBERS ARE INCREDIBLE! @MariaBartiromo
6/5/2020 12:33,en,177627,28485,Really Big Jobs Report. Great going President Trump (kidding but true)!
6/5/2020 12:29,en,0,3989,RT @SenatorEnzi: The unprecedented COVID-19 pandemic has highlighted the need for better federal budgeting. We had the financial tools to aâ€¦
6/5/2020 12:28,en,0,4735,"RT @SenMcSallyAZ: Yesterday, the Senate passed legislation to improve the Paycheck Protection Program and grant greater flexibility to ourâ€¦"
6/5/2020 12:28,en,0,4927,"RT @SenMcSallyAZ: Great to hear that Navy veteran Michael White is on his way home to America!
https://t.co/ppK0OJmtKA"
6/5/2020 12:28,en,0,2814,RT @SenMcSallyAZ: I spoke to Arizonans during a telephone town hall earlier this week about whatâ€™s happening in our country right now. (1/4â€¦
6/5/2020 12:28,en,0,3668,"RT @SenMcSallyAZ: I led a letter to @TheJusticeDept w/ Sens Grassley, Crapo, &amp; Tillis requesting an update on the financial status of the Câ€¦"
6/5/2020 12:27,en,0,4935,"RT @SenTomCotton: In particular, Iâ€™m pleased the administration will be adopting policies similar to my PLA Visa Security Act. Americaâ€™s soâ€¦"
6/5/2020 12:26,en,0,6223,RT @SenTomCotton: The president should use the Insurrection Act to deploy active-duty military forces to these cities to support local lawâ€¦
6/5/2020 12:26,en,0,7637,"RT @SenTomCotton: We should have zero tolerance for anarchy, rioting, and looting. 

If necessary, the president should use the Insurrectioâ€¦"
6/5/2020 12:26,en,0,5439,RT @SenTomCotton: Judge Sullivan is abusing his judicial power for political purposes. Itâ€™s time for General Flynnâ€™s nightmare to end. Iâ€™mâ€¦
6/5/2020 12:26,en,0,6413,"RT @SenTomCotton: The carnage caused by domestic terrorists and other criminals threatens all law-abiding citizens, including peaceful protâ€¦"
6/5/2020 12:26,en,0,21493,RT @SenTomCotton: To those who claim the military has no role in stopping anarchists and other criminals from tearing apart our cities: reaâ€¦
6/5/2020 12:25,en,0,4544,"RT @SenTomCotton: Thereâ€™s no one better equipped to handle a crisis like this than General Milley. Our thanks to him, our troops, and federâ€¦"
6/5/2020 12:25,en,0,4221,"RT @SenTomCotton: Violent anarchists and insurrectionists were once again allowed to rule the streets last night in too many cities. 

Theâ€¦"
6/5/2020 12:25,en,0,4703,RT @SenTomCotton: I applaud the U.K.â€™s decision to open its arms to Hong Kongers fleeing the tyrannical regime in Beijing. Hong Kongers shoâ€¦
6/5/2020 12:25,en,0,4083,RT @SenTomCotton: There is both a legal basis and a long historical precedent for using our National Guard andâ€”if necessaryâ€”federal troopsâ€¦
6/5/2020 12:24,en,0,6873,RT @SenTomCotton: I call upon the administration to prioritize the admission of persecuted Hong Kongers to the United States through the U.â€¦
